timestamp_utc,commit,python_files,flask_routes,api_routes,requirements,duplicate_requirements,compileall,source_fingerprint
2026-08-11T20:54:41+00:00,1a19d70,5,39,8,19,0,pass,9cf136b7e74e
2026-08-11T20:56:44+00:00,0b4e507,5,39,8,19,0,pass,9cf136b7e74e
2026-08-12T05:53:08+00:00,9d4cd3a,5,39,8,19,0,pass,9cf136b7e74e
2026-08-13T05:54:18+00:00,5b4b155,5,39,8,19,0,pass,9cf136b7e74e
2026-08-14T05:52:57+00:00,85be06d,5,39,8,19,0,pass,9cf136b7e74e
2026-08-15T04:54:50+00:00,480a722,5,39,8,19,0,pass,9cf136b7e74e
2026-08-16T04:58:43+00:00,0b8ff39,5,39,8,19,0,pass,9cf136b7e74e
2026-08-17T05:06:24+00:00,b5dda40,5,39,8,19,0,pass,9cf136b7e74e
2026-08-18T05:00:59+00:00,259931e,5,39,8,19,0,pass,9cf136b7e74e
2026-08-19T05:00:58+00:00,679225c,5,39,8,19,0,pass,9cf136b7e74e
2026-08-20T05:02:41+00:00,d2142d6,5,39,8,19,0,pass,9cf136b7e74e
2026-08-21T05:03:21+00:00,5063772,5,39,8,19,0,pass,9cf136b7e74e
2026-08-22T04:58:14+00:00,c775fcc,5,39,8,19,0,pass,9cf136b7e74e
2026-08-23T05:00:10+00:00,12c8430,5,39,8,19,0,pass,9cf136b7e74e
2026-08-24T05:09:49+00:00,3fda354,5,39,8,19,0,pass,9cf136b7e74e
2026-08-25T05:02:37+00:00,17f0941,5,39,8,19,0,pass,9cf136b7e74e
2026-08-26T05:03:34+00:00,8d19498,5,39,8,19,0,pass,9cf136b7e74e
2026-08-27T15:22:30+00:00,8406761,5,39,8,19,0,pass,9cf136b7e74e
